,alpha,beta_1,beta_2,beta_3,beta_4,beta_5
A,-5.263707965581045e-18,0.6901766509271794,-0.026421327919599412,0.13831814836238357,-0.10653061127417965,0.012416403216873383
AAPL,-8.87429177532109e-18,0.5363264160726912,0.05803356473178253,0.11028304024646561,-0.3843100430514801,0.08324371587352382
ABT,9.111357795939642e-18,0.5570094214390122,-0.3522968161704544,-0.2205721903984765,0.19096250547779564,0.15091527192094772
ACGL,1.4465493040700535e-17,0.6267193693745674,0.06316185422206244,-0.04143507029746904,0.11140157069266715,0.012357741333367027
ACN,1.3355581402614008e-17,0.5885564458176648,-0.03490976927363977,0.07130505491534865,-0.08549102082493146,0.05288423270842374
ADBE,-1.9401727345201367e-18,0.6581792014954011,-0.0015728093343270605,0.12150574240682792,-0.19038611458835092,0.1400860444066606
ADI,-1.6866174850110187e-18,0.6263071420741736,0.0036540131682682372,0.07462724391048314,-0.2081586046390079,0.0874998389651762
ADM,-4.7982216322464055e-18,0.5756311029187496,-0.07558033255486649,0.13603235749290563,0.03986233370974342,-0.030921854558347235
ADP,2.2476827617131338e-18,0.73778881731175,-0.08798855185852078,-0.011370475294729704,-0.08489526345185895,0.01676293751331328
ADSK,1.3759074024301883e-17,0.6200511057073962,0.02993679876069822,0.09542165771262957,-0.12027362779816211,0.031275234173562934
AEE,-6.983670559791969e-18,0.6767558287622475,-0.2386336730118251,0.09484914511924078,0.28532953376686787,-0.10326407023414935
AEP,1.2293830787430952e-17,0.6339046003549985,-0.28702405284755456,0.07147002779510946,0.24153877018723774,-0.11737250458523271
AES,-7.696414898948465e-18,0.6308694778650585,-0.07679782902939053,0.3094809390251438,0.2592016239146327,-0.21301394565976062
AFL,5.031797105992172e-18,0.6961446791122974,0.20427783747683717,0.02678415482575685,0.13672839121884883,0.046040674848952856
AIG,4.517225511265662e-18,0.4771777671907935,0.12816964446372237,0.0004460318289099957,0.10989361102304882,0.04999823535674971
AJG,1.0570187982591033e-17,0.5259802906434797,0.11372585710720112,-0.14343482502743532,0.020885354091018958,-0.04490200444985043
AKAM,-1.0045954143033766e-18,0.4931032280132773,0.05174131154920347,0.08340979137965218,-0.13926147027845712,-0.013750818552775858
ALB,-7.97610392106929e-18,0.7118099403428085,0.03594419579065049,0.17479332705063544,-0.05653428975451618,-0.04481157783010621
ALGN,1.661457629716266e-17,0.4016375526126699,0.026900874278235183,0.0021771039071550313,-0.05378417333666137,0.042235158818714216
ALK,3.845652689362083e-18,0.5419291166192379,0.10357945939808694,-0.19649306632309396,-0.08337639593395689,-0.053025091530905746
ALL,-1.4310544615612058e-18,0.7250219196693659,0.16379007553933692,-0.027097140719727783,0.1743802353634551,0.0555193169818988
AMAT,2.5604733007354234e-18,0.6464742481355082,0.07030565381588175,0.08557972257827079,-0.212228867066078,0.056757016961886286
AMD,3.504478968904527e-18,0.48648307942331626,0.09192657582837155,0.09686280785320789,-0.16116553170433562,0.04493601484785199
AME,2.744719456153423e-18,0.7249970713905416,0.010587873418922355,0.11149017429636932,-0.10307918623714177,-0.05028934584454093
AMGN,1.7854313912923837e-17,0.5379262313770647,-0.3215684908972278,-0.03835451382640076,-0.06021629979649597,0.15073069885224627
AMT,7.008467056127037e-18,0.6343855901464694,0.042278271748453826,0.004738161751666078,-0.029559481294626523,-0.02261280734711415
AMZN,-1.4516900675652392e-17,0.5302506361746211,0.015569891692989946,0.0027661405334072093,-0.185229386437559,0.04803062327800901
ANSS,1.1634396255876204e-17,0.606317967851006,0.03999559949614365,0.041357113474752544,-0.14527742899256255,-0.0027927155257122535
AON,-2.8718586874047883e-18,0.5481527341450055,0.03387248893176295,-0.08741572013606301,-0.013770716730412016,-0.0008150175204167916
AOS,2.471755756291786e-17,0.6328432231388846,0.0749574817437153,-0.014773668016912739,-0.05702549583701058,-0.08615022351059533
APA,1.5333479972395215e-17,0.6329911117053679,-0.046067951318136485,0.39770562605188375,0.04640990532073619,-0.13662621391369165
APD,7.223069502276592e-18,0.74658226010366,-0.010104007767604915,0.1588664065722239,-0.039376087607692366,-0.06372901723800432
APH,9.091801784694389e-18,0.7122863486968347,0.012200026751267308,0.12858182358840756,-0.12130280936407695,-0.022008396006465283
ARE,5.477342953336151e-18,0.7176635962138858,0.2790500334178763,-0.10376238067074686,0.11597091303847311,-0.07083421423179413
ATO,1.151316213369489e-17,0.6199055737016379,-0.18558362120577468,0.08354618021791316,0.14223946833501105,-0.10806019838838989
AVB,7.26044214203078e-18,0.7281432971449132,0.29722000287020606,-0.1717379052967865,0.13580600063454984,-0.07054095149934661
AVY,-1.654612593608831e-17,0.710989541103529,0.026598182401962548,0.0883412246226238,-0.0015702337603182258,-0.06499469559673457
AXON,1.6521225634321858e-18,0.4139255964648937,0.07961391110714192,0.03353904365188211,-0.0194741749578264,-0.012661983100610034
AXP,-5.839679071252971e-19,0.7793692985049673,0.29937126580302853,-0.04885186096687678,0.12742625219389758,0.1088713542104355
AZO,4.77160065487444e-18,0.5425489373317285,-0.017977742959286003,-0.3133607590757553,-0.18339278705777212,-0.27104078296582024
BA,-8.09438754772924e-18,0.7033269721113898,-0.061686230659189045,0.15408049608464455,-0.06886085294049342,-0.11516014236409793
BAC,2.406115657832216e-18,0.6744870837205653,0.40650529493872806,-0.056522392765487116,0.19488310199403178,0.1333807287174165
BALL,8.153844388244163e-18,0.6928853500532854,-0.003747348999824547,0.0642543682964504,-0.03635900335560371,-0.08765547497904866
BAX,-4.305477336789963e-18,0.5421856095886375,-0.22233865237284867,-0.05035561299299424,0.040958269558518126,0.056718775927894934
BBWI,1.376353272279381e-19,0.6687703281711921,0.1284633612803791,-0.14261063513177263,-0.08564367071583309,-0.11772863600710079
BBY,-3.94941321681096e-18,0.5353188468408703,0.0920694104593952,-0.10250858878857073,-0.10938833553166419,-0.0919303693754133
BDX,-2.0843048612611976e-18,0.5572923647525035,-0.22444026886287677,-0.006247314500073091,0.0048746466063724625,0.04959352149731698
BEN,7.970962705461808e-18,0.8357570434234629,0.1949252562336757,-0.026594388741248393,0.026458832409482817,0.05035486561644141
BF-B,1.1034676893056692e-17,0.5885313315969767,-0.17182837124641917,-0.00984772136699387,0.04082918177220145,-0.03301345714454043
BG,7.233886630566875e-18,0.5027001303144494,0.018053369927872785,0.21593735337208578,0.01756564651711992,-0.07601604535507694
BIIB,1.5195659156733947e-18,0.4400087934311886,-0.11390460139789324,-0.015810697423653913,-0.030561500564657652,0.05495042761368488
BIO,1.2696172625872651e-17,0.541572751293461,0.0021235519528963152,-0.04058734512109197,-0.033079066586563226,-0.027747643822953843
BK,-7.31597313179978e-19,0.7541955618367188,0.22735653723563765,-0.05939202853417042,0.0720962415827072,0.11196006268044306
BKNG,-6.803614676697877e-18,0.47512310103226246,0.028714334452572536,0.05932677104844708,-0.11127516331107067,-0.00906215467665378
BKR,4.267191582163556e-18,0.6218218848939222,0.02113953926306744,0.39743496532980754,0.040294717251081136,-0.11359743225735068
BLK,-1.923751208563785e-17,0.7334817064362108,0.17079455474526106,-0.04995508365491059,0.02238783491228872,0.03785060277158116
BMY,-1.1103889847027626e-17,0.5662491517152642,-0.18628566758003554,-0.09597989333402383,0.09264676067912525,0.11219684721384966
BRK-B,-2.7125413930846825e-18,0.6019949865188321,0.10340856452557456,0.040705735417629355,0.07194926225258608,0.007279107536903431
BRO,1.883487491831394e-17,0.5969986929882416,0.05668342502279733,-0.09395698256998943,0.050906939997799355,0.007992530402890573
BSX,-2.8411323569872824e-17,0.5366195855556408,-0.08581361323916617,0.020538535928387572,0.03947044231192215,0.042642615348184185
BWA,1.1058523498804827e-17,0.6869858289665063,0.1576316751353092,0.07042089832551862,-0.08900492327183486,-0.06304851201711564
BXP,4.848545684320021e-18,0.7474412747260085,0.32305096407792944,-0.14300018102335543,0.13486683804465277,-0.0547556111589281
C,4.595718186989334e-18,0.6440195075007397,0.33574590849040487,-0.03172308533912272,0.1650680789862025,0.11317229854117326
CAG,1.9750899057221922e-17,0.4679198277839645,-0.13428745236809275,-0.056512186459567154,0.06440485398311721,0.005806704513741261
CAH,2.1138261175024098e-17,0.5571490391252941,-0.12766089107475473,-0.011996957419332918,0.048431056325985586,0.018015732478197075
CAT,-6.064398383553047e-18,0.7270711210504773,0.08998295752668714,0.18236148788804746,-0.057083990579457164,-0.08763946680162552
CB,1.9629100328480957e-17,0.6823724445133986,0.054970776816732576,-0.07134759194040531,0.11360259788219715,0.010265774509448218
CCI,-1.6838099902958232e-17,0.6148348089329934,0.08960350658658257,0.04049209508041215,-0.0153008182945823,-0.00378592830250599
CCL,5.616645435674426e-18,0.7111423555435219,0.14125687043421423,-0.08244793188665148,-0.03308291331170476,-0.028920130798728894
CDNS,1.8136562610242657e-18,0.5766619037809653,0.1261077125804171,0.060148321739095484,-0.05704285091204164,0.06788934650552295
CHD,1.6399155937609998e-18,0.49848995129755036,-0.1614696486670428,-0.09801829086202068,0.06219461546027636,-0.05706948449865981
CHRW,-1.4211595767201592e-17,0.6259330450446792,0.004688089607217581,-0.02040535690833365,-0.09876220166293466,-0.062472007733785424
CI,-1.4986198703355818e-17,0.575686645868143,0.012027001775246812,0.008481396503149061,0.12692506895336259,0.06003173850038733
CINF,5.178365895964864e-18,0.7937110050045375,0.12945938417591313,-0.08685003336675876,0.13217331030451424,0.05133710900615168
CL,-1.5000501568334766e-17,0.58657981373304,-0.35588544193502314,-0.13040688297114755,0.08197345617930586,-0.015158809577796781
CLX,-1.7070448726618337e-18,0.5338350474925136,-0.16481388703627678,-0.125505932998463,0.028763856803363387,-0.022291772646364737
CMA,8.205199881993838e-18,0.667501312843064,0.3456166484585356,-0.13233205769965903,0.15407238894728345,0.06780298683708502
CMCSA,-5.890317821542846e-18,0.7250185015970916,-0.018031596394159695,-0.027423228801288464,-0.026670060942619627,0.07999100871231997
CME,4.334125916398887e-18,0.6237785697994148,0.17371228665230845,-0.03367778720979645,-0.008232985363386916,0.04654481236485694
CMI,-7.097594232749991e-18,0.7149555895631886,0.10986728750454205,0.1997031831746358,-0.07022394863861772,-0.027752039166975034
CMS,3.2646409304253212e-18,0.6371964011958922,-0.19766648082505528,0.08634393286093664,0.1618656999362198,-0.13338489846697774
CNC,-8.152760570313551e-19,0.3891092818202515,-0.011213893979042261,-0.0425617746258679,-0.017478282327259537,-0.03350120261803014
CNP,-1.6928535551062834e-18,0.6306634218060508,-0.20971639200284153,0.10234477170422249,0.1997260107727194,-0.11024124488668849
COF,-1.0658586137119727e-18,0.6936473439368024,0.34675948693052067,-0.07528982263542487,0.12159659203845528,0.058065189146997195
COO,4.006134786794188e-19,0.46343937349574693,-0.013067756550882905,-0.00854494339517068,0.03296656904727577,0.021912753206999543
COP,4.400890513603152e-19,0.6859082299175495,-0.0530005932434833,0.35429252778942355,0.0860669399435142,-0.09417719160499483
COR,-4.9128052982679874e-18,0.522622638293972,-0.17959116716884335,-0.013039597789696877,0.03416126365941453,0.01737186644508774
COST,-2.9223961211712433e-18,0.6309848557826643,-0.04898816575446112,-0.2182413967596354,-0.12730911103380865,-0.0720024190888339
CPB,1.3527390194870494e-17,0.5123010832478153,-0.2515838896831067,-0.0678534554244583,0.06439837038502305,-0.002455159182130757
CPRT,7.165058721779366e-18,0.48915355528999305,-0.026324997037630974,0.014227785410930515,-0.0885925521085439,-0.0873001421716705
CPT,1.3541403881393082e-18,0.6879080713068771,0.3484573088189078,-0.17576003242774704,0.12267997355048,-0.09413474241262484
CRL,-9.691417777039968e-18,0.47429741995407104,-0.03833860463489193,0.04112010484999433,-0.024351853524795578,0.022455964645132824
CSCO,2.2377152498104128e-17,0.6727207136518057,0.0025070617362369374,0.06984811981543178,-0.16316301688501456,0.1081302995239506
CSGP,1.4528001159032084e-17,0.5518216037360569,0.06098838145368482,0.0019078607214378686,-0.07290496171660384,-0.022858368220178286
CSX,-2.2164845851033186e-18,0.7030965259313018,0.09031805477140917,0.11041839473094286,-0.026719421341880285,-0.08716674878027054
CTAS,1.930545131986766e-17,0.7079738612726421,-0.04134605185935222,-0.020608424241206506,-0.07668979817919143,-0.030305856811015334
CTRA,-3.189958341918175e-18,0.5698788648320019,0.008383671392317438,0.35909702747473987,0.015601184074546564,-0.11161863592438312
CTSH,8.17980690120454e-18,0.641804214946222,0.014444444975538012,0.07209112651330116,-0.13960281692011475,0.028206976922707294
CVS,3.798699175110621e-18,0.5776571301210365,-0.125234260338635,-0.12843900087506616,-0.13366596685359428,-0.2640733046012076
CVX,-2.42637648447073e-19,0.7352945408535331,-0.1341513362772727,0.30661111118354667,0.10166084134500683,-0.06290116756305605
D,7.543863068323816e-18,0.6424568480565338,-0.2983944801360296,0.11458536657828923,0.22811546787107007,-0.11047520227772696
DD,2.6115409602449375e-17,0.7060347309412659,0.08154109585494318,0.12741966316142148,-0.0006184172924654854,-0.07556375255519898
DE,9.95125001952407e-18,0.6889915436174727,0.13002794922408376,0.19616261995870066,-0.06896996908282449,-0.07785591516532392
DGX,7.151991680903235e-18,0.517715404535401,-0.15665523127042733,-0.04170849009425477,0.07233211396636298,-0.03965257149788917
DHI,7.049083212722452e-18,0.6002999920409579,0.2703393932208843,-0.1440928229955355,-0.014498989657177566,-0.1953511673507248
DHR,6.063050435946442e-18,0.7636661198839635,-0.017928601515578332,0.05395217992744831,-0.08511201336153272,-0.042714319439726194
DIS,1.1397838798683734e-17,0.7755625077649397,-0.0008692775928807418,0.04942160357223671,-0.02919139111290339,0.009629068741896209
DLTR,3.098671476418506e-18,0.4154249441239976,-0.03970633163053111,-0.23065626043977597,-0.16329206019313347,-0.08242487677795035
DOV,1.911546721924063e-17,0.7653312874581302,0.08002013405653327,0.1264789229778384,-0.08790299220196582,-0.07610256119277013
DRI,6.333483603355364e-18,0.5924861548850411,0.07411262248548751,-0.1430344151721976,-0.06276534506820657,-0.07605064823463326
DTE,6.580375869305965e-19,0.6754022529458837,-0.2706375810196447,0.08023989177336066,0.2472180190872501,-0.12316068756898282
DUK,1.4584053917002607e-17,0.5882171713490651,-0.29030906840607396,0.020127040421554943,0.2417965209918999,-0.11168756245823833
DVA,-1.019817125272718e-18,0.4713729590622669,-0.09722697774809197,0.007820032727765387,0.018892381964316356,-0.03323814573984468
DVN,-6.576083429609491e-18,0.6096679741785029,-0.03926341225797847,0.39342747244485377,0.08825173095277442,-0.12118376842597853
EA,9.772330165411226e-18,0.5454163302552653,0.035324842381827294,0.06469488005261928,-0.1333265965167173,0.02666592253799183
EBAY,-8.544478655439576e-19,0.5963559534455427,0.06425482109634323,0.0330648339496943,-0.13346416076669615,0.06041182465236556
ECL,2.352058258366744e-17,0.7237013690449491,-0.08145971075350607,0.03114631426957496,-0.02165276069414826,-0.07502834975967632
ED,6.668543268618467e-18,0.6085920802647475,-0.28177423280880026,-0.0015131227878507209,0.24749837995603818,-0.13651230470246928
EFX,1.2300928601226867e-17,0.7438832317847847,0.03521932744005325,0.011474244603303088,-0.08061205662527698,0.003296184525642562
EG,5.9678320528791666e-18,0.6228646881115317,0.06145818320002597,-0.014852894142801255,0.09960725094695518,0.04269189545862624
EIX,1.1042491563021192e-17,0.6522414649778683,-0.2769091263690658,0.12382176489853054,0.29244961901154076,-0.1882129596852367
EL,-2.5990780257926607e-18,0.5701663248673149,-0.009344679977033867,-0.039394253929913595,-0.004698854520913164,-0.062368154338654926
ELV,-2.6897577505235648e-18,0.5243612397489303,-0.07620893442107797,0.0054049166961519166,0.07924983336510308,0.018283699145238037
EMN,8.320302279405819e-18,0.7026257383262156,0.09920837510378373,0.16008648788624175,-0.004803093065495385,-0.058866303273344064
EMR,6.57424903470755e-18,0.7893099844750915,-0.00761554169209451,0.13254669524788618,-0.04395957750739005,-0.036159744157283985
EOG,1.9974446931861625e-17,0.595616298721091,-0.023139660348656943,0.373883404938354,0.0455849942212566,-0.12177882314765347
EQIX,-1.2664045890469942e-17,0.5574886380089034,0.09527753923465093,0.08274311326686598,-0.09434826844525508,0.010634994534512384
EQR,1.770748067816312e-18,0.7019353168200626,0.34225208163536697,-0.19941528451877916,0.13003362108291436,-0.08104338346751881
EQT,1.488166198000974e-17,0.6532330755813494,-0.04163790143279017,0.28484859777231697,0.06799573188161968,-0.11602268810062491
ES,-7.883294044509578e-18,0.6107610340035593,-0.2902966081637654,0.08803745691984903,0.1854925191203123,-0.1574922929072147
ESS,2.748158430564705e-18,0.7044345530596112,0.25841024225635656,-0.16252747618760355,0.10944526248074297,-0.08244018223923968
ETN,-4.5663493639416466e-18,0.7440641573407881,0.03287573307642683,0.14142118530336262,-0.08989394633760865,-0.09114966095463069
ETR,-4.857600502093195e-18,0.6001457317993842,-0.28847915788421735,0.13596099850587662,0.20144317238388754,-0.14081173507516054
EVRG,-1.816095505967445e-17,0.6819650808317514,-0.20857293226560308,0.029437750709982155,0.20466411847594235,-0.14578038495560053
EW,-4.6417599109355574e-18,0.42086556606906456,-0.13936966097672007,-0.000739166973006293,0.0012130235291825178,0.02369035954721227
EXC,-1.7543820478353614e-17,0.6071594636034716,-0.19313671358321205,0.10824633598629538,0.20891657363429902,-0.12523600451296668
EXPD,-6.1712841327440964e-18,0.6651446526960224,0.03874830491473345,0.01819803251232511,-0.10210476276133362,-0.07938979719463937
F,-4.961747025568171e-18,0.5676632619453951,0.20735656037497463,0.030025790875848585,-0.1386221091226003,0.011895273795589297
FAST,5.7688996967281444e-18,0.6713590451651572,0.04306639061071989,-0.028495286614704216,-0.13527502276453462,-0.09680031301679651
FCX,2.37732083445465e-17,0.608470396136687,0.06920624281287704,0.34768984684515164,-0.03695893908373575,-0.10956223806817324
FDS,7.394176590691875e-18,0.6159960440897991,0.05599651412603315,0.03976618470791399,-0.08244360394769915,0.026176339532077417
FDX,1.1715046936903583e-17,0.719361809806387,0.05757023298565396,-0.02047211093571568,-0.046821736884517434,-0.08132834747464647
FE,-5.3122143641311644e-18,0.5892152788448414,-0.25455235243858204,0.12383685765841489,0.23496011172183762,-0.12262038205365788
FFIV,2.730319078339032e-17,0.4565766055812867,0.053908524583345344,0.11559647822522987,-0.20927684010646297,0.05209586385641154
FI,9.88070109949648e-19,0.7224795197135262,-0.016183526078482252,-0.010049293132121979,-0.0803945219984402,0.04730708079132188
FICO,-2.09504246363308e-18,0.6145360581066501,0.12251605327900104,0.04967601524607283,-0.030697152354527003,-0.030186666101806946
FIS,5.033673435894641e-18,0.6572647986086061,-0.025913282566263195,-0.02909265980984918,-0.053981342446761255,0.00845913651687399
FITB,6.183709925724324e-18,0.5739654008747908,0.28815267711156156,-0.0803200768544811,0.15682005111692832,0.058426482077159135
FMC,4.862112008050142e-18,0.7091831296830812,0.0282590489142244,0.14507430209265834,-0.035528307922819996,-0.05604471527901938
FRT,9.57738492588677e-18,0.7088488082995443,0.28530337643728143,-0.16552684818190155,0.11022497169140104,-0.10282988122698344
GD,4.078156789667704e-18,0.697942731415746,-0.12073834461823413,0.15135460163412562,-0.07213092685579447,-0.0640481447545081
GE,1.3423461979380534e-17,0.7466049941817213,0.18140935707879904,0.003098871319445126,0.056973073684347376,0.022736587721902027
GEN,1.2905554147649998e-17,0.5498241823906901,0.011114021849659504,0.04646794065980964,-0.1278250772167305,0.10771056029402297
GILD,-1.217169762858081e-17,0.49232852158407664,-0.16607351045801041,-0.019364479809946232,-0.057654059804642104,0.09019716404024895
GIS,4.5770853061223705e-18,0.5102419234498877,-0.25317731329284676,-0.07443135090995592,0.09925447444037439,0.02267037731163778
GL,1.1527342937900414e-17,0.7438053148746322,0.21038952731112373,-0.019065315541079292,0.213327207973474,0.03201573245084227
GLW,-3.866757147403311e-18,0.6022719326482884,0.07093520603510566,0.1207756597616002,-0.12469467106702249,0.04108906044064415
GPC,2.9272230579862513e-18,0.7315219919509135,-0.0023841613448391044,-0.05417796583152888,-0.09759388205336256,-0.09711174051496968
GPN,-9.504052131069425e-18,0.552462615526119,-0.016760365398095296,0.02035766434888642,-0.07329117534777738,-0.016298935762714944
GRMN,2.488089217423405e-17,0.48581975509889397,0.06345662839714852,0.05139160471104086,-0.12019836061784735,-0.023031557951887084
GS,-1.675565848374218e-17,0.7339279866143725,0.30551248228223316,0.013990680681857437,0.12625871628424998,0.16988887363234584
GWW,9.41333984157284e-18,0.6882404091788099,0.02846177808741253,0.026884448113207893,-0.09155781214133618,-0.0633830263145797
HAL,-9.267900871670101e-18,0.6304718285453178,-0.0016895107118523878,0.48331499853383636,0.04206365976772157,-0.14409369604280697
HAS,1.7200336636178664e-17,0.5705865640707899,0.026263549711263712,-0.08202688218402376,-0.12847584963785605,-0.09005111299502284
HBAN,5.3330286358192875e-18,0.5358147638109741,0.3294833998834849,-0.12039999442459669,0.1448153979810289,0.06069304763761128
HD,8.522707847882187e-20,0.7321032188753966,0.07112007848848922,-0.2020170527642885,-0.08786474919194692,-0.10834275415355042
HES,2.1421809541415856e-17,0.6146980905225389,-0.016004695483351344,0.3683371228086753,0.040753925564172185,-0.13277631389991806
HIG,-4.077483947565695e-18,0.5471441372849716,0.283028888731601,-0.01074262001994905,0.1836541147019468,0.10945553213495177
HOLX,6.627521232702633e-19,0.5234794698912343,-0.014412383367538813,0.0281828911064703,-0.04171897547984486,-0.020134063899444388
HON,4.640854262972868e-18,0.8009768529077601,-0.01798316576988792,0.16909994437690895,-0.09509722269851908,-0.08062636536685386
HPQ,5.496826724867874e-18,0.5669093113158665,-0.012919693221397192,0.11706258622302751,-0.13874268325086422,0.07478727692921729
HRL,-6.670192682138779e-18,0.45977721629023505,-0.15335546056368513,-0.029070842115021922,0.0016752363088407551,0.0009758167883675041
HSIC,-9.454312462635362e-19,0.6555524758025376,-0.08415106840987742,-0.03900607909764417,-0.012528091988060586,-0.0011340685653835596
HST,2.2216788423308918e-18,0.7672196709288479,0.2858721900333109,-0.09129339393159538,0.08752385288060002,-0.05182367575885702
HSY,1.2340553493407324e-17,0.5273171054955911,-0.16525159780990734,-0.09548768953098646,0.03058330873165377,-0.024490589291833315
HUBB,1.3186828558990182e-18,0.6874165844664047,0.018088463669991086,0.1283206307589993,-0.04604428823597561,-0.048216181938409555
HUM,3.8813971707217326e-18,0.4385446635972647,-0.06652560633640978,-0.0035113292677018022,0.06779252458140797,0.010467903064589045
IBM,2.867056946493619e-17,0.701186209888779,-0.04924463542170244,0.05490784645312205,-0.21081350105068528,0.11361765980534527
IDXX,-2.489684174316924e-18,0.5683610024097737,-0.07832705791574002,0.02683936815889955,-0.0022440651033970686,-0.010286370847970466
IEX,4.8301825883953064e-18,0.7386623534807661,0.07242564941471691,0.10660460371368244,-0.07582593340191714,-0.08128143577466
IFF,6.8759826307557376e-18,0.6849071471270999,-0.014543033438635607,0.05022272555662501,-0.02516361101039485,-0.03950136640334061
ILMN,5.884172626625151e-18,0.3775547655609471,-0.010662252929842108,0.044505414015149375,-0.03751510834920038,0.003499454372788498
INCY,1.4613237214320862e-17,0.4843890490382877,-0.013045845109487163,-0.014815955034077209,-0.018343063746035483,-0.029131046711244103
INTC,4.8510705182364204e-18,0.6961600363840645,-0.013609416985728796,0.08926116825567265,-0.24751968952717301,0.18910939643618463
INTU,-9.913959569177752e-18,0.6311905012137937,-0.03838602134150464,-0.011824892856274263,-0.22738719847955446,0.1103491341761024
IP,4.628929574502366e-18,0.7021678170974908,0.1963151787769092,0.14523833075897816,0.062280026440693484,-0.07778010827717854
IPG,4.5484419183837935e-18,0.6467998085795006,0.0657018657301709,0.041008204982878244,-0.03438305001925279,-0.0019215169609336433
IRM,8.87590924821062e-19,0.5370211790705873,-0.010530941028200284,0.012672203207731419,-0.00406080599991622,-0.07814148963600728
ISRG,-5.575441958576133e-18,0.4728474739240917,-0.008588675613064473,0.001181513048050279,-0.03462164464012019,0.0015901826481866822
IT,-7.954424651432392e-18,0.6136358412279446,0.020132091349793463,0.010471384800047704,-0.06773828276904222,-0.02580201750620986
ITW,1.6226646744453212e-17,0.7813791423012462,0.011871776599608544,0.10158658665970505,-0.06858219003402505,-0.07010362257172618
IVZ,-1.069707273980191e-17,0.78349612643332,0.18315244649874948,-0.014309757928081299,0.03550673045451772,0.05861938178449649
J,5.58481957684597e-18,0.7284462575360904,0.09585552819702653,0.17950258779141104,-0.04135631707464314,-0.09058031239034918
JBHT,-1.6418926414197893e-17,0.6356050863389724,0.10201089325870619,-0.05858330511994322,-0.10243982005917342,-0.10153961304216048
JCI,1.1754604062158442e-17,0.6080697449596526,0.02635282685655293,0.055116429438378654,-0.0523149926726006,-0.022790514965788742
JKHY,-1.9459801371266103e-18,0.7237888274024844,-0.02046924258611059,-0.017587541820176564,-0.08099649704542528,-0.00849042576766996
JNJ,-2.0059589432192317e-17,0.6615158720231054,-0.29413947897843923,-0.07607404262110164,0.1189038691120975,0.11661812051851059
JNPR,-1.91053094377817e-17,0.5437991894625704,0.06465785277064268,0.12995883706318118,-0.15786012423263746,0.05581674477727037
JPM,-1.702415916085643e-18,0.7416023001977666,0.36073262810374196,-0.11709738454057152,0.14101512123789528,0.09329408547397253
K,9.337546926001197e-18,0.5832446000332422,-0.2093304181010203,-0.08611156848528315,0.06741848880423679,0.011081325170933045
KEY,3.641133708670176e-18,0.6373198821422279,0.34087932833601803,-0.09657953485612136,0.1729688902793971,0.09787092120874577
KIM,1.0004487214621486e-17,0.7147362335408589,0.35778652977931397,-0.14562969308579943,0.12484965228718334,-0.07592782353570733
KLAC,-4.280013301632844e-18,0.6384007597167954,0.07748762214035416,0.0821377300535674,-0.2211609126236079,0.04815352867747113
KMB,3.63829865065565e-18,0.6210879565863079,-0.2406252051378145,-0.12986946612075617,0.06174092440883837,-0.023661826317625343
KMX,-4.083642751896208e-18,0.5775037494146021,0.12482405279963554,-0.028803181129464322,-0.06450797160337382,-0.12532315506082545
KO,7.087511461497992e-18,0.6339260983760366,-0.3132073785490947,-0.06474965451138145,0.09195346852912165,0.07102572446982763
KR,-1.2781595769018937e-17,0.5067227774396605,-0.1286408597032413,-0.12063500975438454,-0.01415937332314799,-0.028552588558845196
L,-1.3703398549488565e-17,0.7932629030745885,0.0681055502783336,0.10768306674705799,0.12340352894216265,-0.005533342115141541
LEN,-4.7426521283478555e-18,0.6240744053225911,0.3254105070514072,-0.15078238139001254,0.021575057991377863,-0.15048928592201483
LH,2.6883334099119e-19,0.5303977947430245,-0.15899550416871197,-0.025278668705653748,0.03040355806879006,-0.008854181326102925
LHX,-3.2262699299746736e-18,0.6093020207984092,-0.03504036574722904,0.1256760048965334,-0.11203373356197459,-0.025519356348197124
LIN,2.4801460575655155e-18,0.7589414306182968,-0.012482349398358225,0.13576242908614986,-0.032960472389495954,-0.06163478473106338
LLY,6.008364109494189e-18,0.6557396612756072,-0.28084521840036203,-0.15371093129098218,0.20282077673607252,0.13494725020969692
LMT,-5.1603372811728896e-18,0.6116821550953065,-0.1299176313711305,0.028849198996775634,-0.03375415130579996,-0.06782110506463414
LNT,6.923281584992748e-18,0.6508963758187316,-0.2496280336518325,0.12666289512583526,0.19315446532672287,-0.10042521472684499
LOW,9.725702578966129e-18,0.6836261277149569,0.08414293430771203,-0.18039844249260853,-0.08270040791211666,-0.1447529031707878
LRCX,-3.8340432487998874e-18,0.5975374798157227,0.069631113103457,0.09018048421305819,-0.21799209407882889,0.043498017022663746
LUV,5.515381449613264e-18,0.566718176248958,0.05560820222741113,-0.1110444325829444,-0.0494862242345907,-0.0635810808874243
MAA,1.0992728212112962e-17,0.7050055794250387,0.2753339250930972,-0.16267891245216193,0.14740120733538298,-0.0644332104312928
MAR,1.0447985464190444e-17,0.7439602330034181,0.17982725402707367,-0.028084298302659814,-0.07279212621430918,-0.09151994483753992
MAS,-4.4249999468855245e-18,0.6720145539468311,0.20817942097773007,-0.003496300709238981,-0.0014190644251467002,-0.11605521834577034
MCD,-1.7825574980082056e-18,0.6114115179846691,-0.18325111894291823,-0.17018539746262157,-0.1256303282178982,-0.14511341117101056
MCHP,1.616914546383988e-17,0.6261762780000234,0.032904094180084886,0.08323248910883091,-0.21954486662944123,0.09457359829852802
MCK,1.4879325981475035e-17,0.5466855813195031,-0.12892137975682716,-0.008531505863471067,0.06149117965622507,0.03358157164118805
MCO,1.3966696475538765e-17,0.6860967284467259,0.09581201935325044,-0.025782233981193937,0.025627204303925448,-0.03613483873026836
MDLZ,4.468465853903203e-18,0.5794305089374748,-0.15745823186581345,-0.05767969526923514,0.07523938708601935,0.0046839913490671695
MDT,-1.2777018953876702e-17,0.574651497851844,-0.16169391313697096,-0.02489607228400848,0.08916596272241704,0.048951255964398574
MET,1.8609287527076704e-18,0.7297155358808466,0.23764695701033808,0.01989333458567351,0.12857199150079573,0.10092086799723801
MGM,6.581447355926097e-19,0.5144830660822576,0.22920225451867127,0.02961486562325561,-0.02254587418010602,-0.07553380848073939
MHK,6.492741586596326e-18,0.6582864170469147,0.1768488001269968,-0.04834589182967783,-0.031904955245409095,-0.11647060911857936
MKC,-1.1644488431400101e-17,0.5674005492307169,-0.20234107742732108,-0.06313830337276816,0.04859909296088386,-0.020598712218189163
MLM,-1.4642833263609157e-17,0.6452588095687032,0.15643985013492634,0.020872910815112132,-0.06259283863864777,-0.1690974302889768
MMC,3.619848303650103e-18,0.6203433762157315,0.039056034563261545,-0.08004434175901928,0.03970057666084577,0.0063584307476597535
MMM,1.5226032789076016e-17,0.7667706827643166,-0.028802185802005546,0.06744507554255745,-0.04553326863901577,-0.016987613399207322
MNST,1.2186772147739257e-18,0.35129514537073675,-0.01766986691934567,0.0025327370191623637,-0.02624248085823667,-0.013957537548602685
MO,-1.3673169303850036e-17,0.5434425499790445,-0.2618878614561693,-0.018806168086196978,0.04259023356425456,0.025182721528666418
MOH,1.3111827420258818e-17,0.3923117782194454,-0.014195428046720231,-0.007360595265998319,0.005822555890868665,-0.050114868375703246
MOS,-2.828523661903328e-17,0.5392240343049801,0.031326303013002404,0.26511970296968657,-0.039145381390135174,-0.09928099316028051
MRK,-2.0894353890875635e-17,0.5478049410070301,-0.22674665202488714,-0.0579282113268019,0.1291421299118331,0.0726683254298086
MRO,1.9679705082786885e-17,0.6703391388650727,-0.019734016322076414,0.3439075545392919,0.0771558415756385,-0.1069068106225011
MS,-4.419234025491736e-18,0.730792908641326,0.19198428642853396,0.037480918953800735,0.19934875989677908,0.19590842223577265
MSFT,5.622083983516565e-18,0.6856728535962158,-0.07777428817620147,0.10225647767149967,-0.18473637493755687,0.22987823771256882
MSI,1.77759752786778e-19,0.6134123644566722,0.04248853322890576,0.02736682700150221,-0.042139975552915786,0.07157162438179386
MTB,2.5385783844224344e-18,0.6750244750808828,0.33187085021129975,-0.15213659417196068,0.12950119422952383,0.048288453979658905
MTCH,6.2250112467468115e-19,0.4901262411360658,-0.00991662082445536,0.0062628881639379425,-0.1720814339950095,0.02771963039435272
MTD,1.7143332954726743e-18,0.6119582330330107,-0.022910869118734724,0.13859736019884697,-0.11081571287613033,-0.04544436238125663
MU,8.907055463088996e-19,0.565852159153803,0.1029726309750907,0.11147772364229894,-0.07730384250840654,0.04394559466802653
NDAQ,9.576896623945763e-18,0.5922202119274295,0.1926443126563832,0.0326498942030112,0.015452767306501358,0.010388874100670105
NDSN,2.3636661105081365e-18,0.7060596014531657,0.08229786037246042,0.0898282963258572,-0.06517979188546602,-0.06880519794693646
NEE,-1.1865853244583946e-17,0.634322105352902,-0.2832097703388793,0.09134423073961206,0.21239770330387342,-0.1396552548200945
NEM,-1.6046569846246333e-17,0.3063950490876827,-0.06505578045940824,0.2432600207576876,0.020726624029801112,-0.08159703624928549
NFLX,-1.1173646699626617e-17,0.29824085228952,0.02153589459362007,-0.009068944066229483,-0.12652867827114128,-0.05038067474832694
NI,1.3915115482715496e-18,0.6746385316865723,-0.16795667353075727,0.08367673370195985,0.19828579999286566,-0.0891965889882686
NKE,3.91004943588237e-18,0.6666804393115244,0.023841701044876693,-0.12351375563527979,-0.18692155649314235,-0.18157673250172846
NOC,-3.212858359157933e-18,0.6684958463258717,-0.14245247639897396,0.09981181821777832,-0.02349433949582006,-0.05026561962607761
NSC,1.2308867446985646e-17,0.6867866183357331,0.06381995903733008,0.0971595594264645,-0.05240314816158717,-0.1057201053407987
NTAP,4.2460618156735e-18,0.5756985313918254,0.03737582455657826,0.1230649183748106,-0.19525023793564955,0.0610119519579559
NTRS,5.716580253522147e-18,0.7677126084092376,0.21217998074648228,-0.10490695855808979,0.053383303257521,0.10190227522537891
NUE,2.0327592566078685e-17,0.6851449015052453,0.058064052203768174,0.2757471746124337,-0.07372941902665964,-0.1570033726145279
NVDA,2.186748715848597e-17,0.5495532899201964,0.046046454698639966,0.1513113336085646,-0.1955453525588646,0.057649838715656425
NVR,7.21899990140121e-18,0.5442759973796681,0.19483254839332323,-0.14757636640493133,0.005003807497162102,-0.16879677578681543
O,1.016067335591039e-17,0.6909314955602044,0.2457910512060826,-0.17244640529972458,0.10670287044766431,-0.09031348268512149
ODFL,1.62814032541596e-17,0.5872593037785628,0.1035055345581451,-0.05042263366606787,-0.10105460458559112,-0.08844719050618603
OKE,-5.562965841361816e-18,0.6398437287731514,-0.13200091779801612,0.23514926508691958,0.11006513466943484,-0.07547272541192408
OMC,5.636134774530771e-18,0.7450369276048512,-0.01079110132886172,0.10420033567504097,-0.03301132799410793,-0.0212550059096727
ON,3.8175239963729074e-18,0.5305941975008466,0.07796678059104474,0.1351878631625504,-0.15061430455553573,0.05344205905010372
ORCL,1.1514616302833203e-18,0.6668444689291921,-0.05627083434318786,0.08806723893618032,-0.17380464996751593,0.09148472009926205
ORLY,8.34156344357608e-19,0.5671818194780989,-0.002172966468373963,-0.21388964538631527,-0.16082833316720174,-0.1584203859557975
OXY,9.087281127548605e-19,0.6750324150954927,-0.034970738281230956,0.3693164923123051,0.06938132144090522,-0.11619394819558243
PAYX,2.851993932726981e-17,0.70188234974676,-0.03942945562278462,-0.02995402639742379,-0.10615931349121836,0.026197487544792335
PCAR,2.847128176548728e-18,0.7871845142643135,0.0843752337915228,0.05562995328054085,-0.10703039097066856,-0.051757952987286054
PCG,3.917984561992342e-18,0.5605269871023963,-0.31511784630826434,0.07347407062517523,0.22147855158491647,-0.11037209507204566
PEAK,4.678741209047385e-19,0.70522351192602,0.2649213427102325,-0.14901849806846126,0.14197281456557653,-0.07280333948023979
PEG,5.589702457487848e-18,0.6219649065114836,-0.25737384763677995,0.1380491375135717,0.21301749528354175,-0.12187331287518774
PEP,-6.416360195268245e-18,0.6170881611871566,-0.2639537912876726,-0.07048976313962561,0.05265139769801442,0.02226326502495908
PFE,-2.9965222356330022e-18,0.6578525763036445,-0.2145411182092792,-0.13105391905079172,0.17305385778729565,0.15590586250504646
PFG,4.186426362822567e-18,0.7549244381023409,0.2525551181933341,-0.01547339711034363,0.1526188990598979,0.08820957790756734
PG,6.648045929233827e-18,0.6580806749340592,-0.24399847397285188,-0.11020708406436762,0.08113595470638854,0.004961583614971229
PGR,3.3103091997618675e-18,0.7155185950215266,0.09404164925093267,-0.06712009862405653,0.09214381689527,0.015631336740898904
PH,6.763057580688675e-19,0.7492508922138597,0.036190671662044434,0.13981096433167128,-0.08538696105198194,-0.08806476434931318
PHM,1.0959474308505766e-18,0.622307421220516,0.2548211370588773,-0.16476779072487563,0.008532855899318917,-0.21429714110632114
PKG,4.3428818423294015e-18,0.646174982616902,0.10744162765627359,0.11048083016539134,0.034034904957375864,-0.06127963445454454
PLD,3.7549726910870944e-18,0.7379729082918676,0.3041694795607315,-0.10948793763086996,0.10558958697982396,-0.07346576620841566
PNC,-3.5669704122679755e-18,0.6586928847878959,0.38319374871673884,-0.1097069617245982,0.1617634930349408,0.06763556506089377
PNR,1.3377376437766392e-18,0.6815271125988095,0.06948620697385494,0.10830423854261781,-0.07368637381092161,-0.10212495073997926
PNW,-2.0812478047409313e-18,0.6508113090035387,-0.28322015924875743,0.06615721215244315,0.3126969661562332,-0.1731371322809751
POOL,1.057931173860137e-18,0.5741738950228312,0.11198602310011335,-0.04350701323354598,-0.04973329077883455,-0.07557435235844204
PPG,2.6634019763858147e-17,0.7903696945694927,0.027100996102623426,0.06940390807655272,-0.04549063940940865,-0.06344658985174902
PPL,-3.0490148337572575e-18,0.5945781141399707,-0.24731272895088363,0.10865258723230022,0.22776144087022104,-0.15304885236745636
PRU,8.06465560130335e-18,0.7411008293322089,0.28685877599265497,-0.005902968428118688,0.22074909260818376,0.15800819236927016
PSA,8.937430390760632e-18,0.7372955649320379,0.259878123679078,-0.17451183422712532,0.11555231791915703,-0.05181108511679487
PTC,-1.1879390723964277e-17,0.6101519791438744,0.04336418043702876,0.0861344113758789,-0.09300951089165829,0.034010866789016644
PWR,7.184327569415567e-19,0.6599941878814362,0.07736434497011721,0.10394186409894696,-0.05878369673619803,-0.06182347741352973
PXD,-1.0132298986429385e-17,0.612296882817618,0.03305632362954,0.37158288530874023,0.06126997932640288,-0.10482236739904253
QCOM,7.66312920171655e-18,0.633979237384612,-0.035305707325262586,0.12488448450434346,-0.29154309799733663,0.1672895525957524
RCL,9.258051022313069e-18,0.6699302664240908,0.18087118036683716,0.0036410088613036545,0.015307991272679351,0.0035642986224939943
REG,1.9747569322492485e-17,0.7288945332094446,0.3220365366013172,-0.13222814095828042,0.12374146554450031,-0.09267825012520244
REGN,-3.2176456282182074e-18,0.44988578142499236,-0.05272344291173648,-0.05151728826491188,-0.049925389475755706,0.006684608560786945
RF,1.0229650100680026e-17,0.5818210545835453,0.33225971972963775,-0.10783845642792354,0.1341938872877158,0.06461464363064223
RHI,-1.2773606567098042e-17,0.6745043717719231,0.07006564277903626,0.05074933217564001,-0.10438048488344948,-0.056250899384826164
RJF,6.015745330977451e-18,0.7601358779285405,0.21781900400013673,-0.0326816826504618,0.047618052348074535,0.06534213724260643
RL,-2.4640369105519978e-19,0.6527389308080335,0.10532649396029714,-0.08160790620988925,-0.11223378383251548,-0.1327008945276288
RMD,-7.051094406776413e-18,0.4975259461427326,-0.06343618902115071,0.033360039176476425,0.018842985257906546,-0.0046777584150655225
ROK,8.806721716204851e-18,0.7340624528977575,0.0786499299509689,0.15523230979872066,-0.042485070519685794,-0.06081142271653897
ROL,8.218137954496358e-18,0.6191026049343625,-0.01616141457437421,-0.04675875315691991,-0.06754810391581222,-0.05371028845444012
ROP,-5.170985768799504e-18,0.752694222019133,0.04125046541810682,0.11032690332935982,-0.05170931116374248,-0.011621228869374329
ROST,-1.982111974962397e-18,0.5817494785979742,0.00034622984881645114,-0.20337728019281673,-0.14324261293336163,-0.13398134102958986
RSG,9.737415814154048e-18,0.6230796050744789,-0.07568794747588226,0.04914211710964421,0.024689002074942942,-0.0762948530049583
RTX,6.1969214131646375e-18,0.8015436593287947,-0.0420845126424924,0.07027956021821619,-0.04860713450205011,-0.049336282307088045
RVTY,1.717425774021138e-19,0.591956578052207,-0.042358419962948944,0.11444888775544956,-0.030554738611626425,-0.0035280036571502904
SBAC,2.03451468655043e-17,0.6056785442468612,0.0797736940806193,0.05045333510854494,-0.05984691033550666,-0.0220751261738418
SBUX,4.136481123933277e-18,0.6527005813437885,0.05116070547391964,-0.08407992809631401,-0.12352422456670423,-0.05616528711666431
SCHW,-1.8763935565749162e-17,0.7384391478539079,0.18703277356313255,-0.04175741331008831,-0.038584764959075965,0.07250563024677642
SEE,1.4774217736441744e-17,0.6680920020841433,0.07560254908779948,-0.002708714388597596,-0.033133818685947156,-0.060228306796802036
SHW,9.929936108355916e-18,0.5990285160293218,0.030739171611729024,-0.09721774305373845,-0.09106223202169297,-0.10393754024716886
SJM,1.1510630259251473e-17,0.5042196258615841,-0.1408887999589365,-0.03210499207314193,0.07360354787094694,-0.0059829473520755065
SLB,3.888881948859616e-18,0.653498645779851,0.017824238045048055,0.3874086079826763,0.05378579660703822,-0.14178923566712723
SNA,-3.9928145505314813e-19,0.7276710724357067,0.0590698023326761,0.06609212056683994,-0.04513795600333555,-0.06848538236636298
SNPS,-8.472330737253421e-20,0.5282486857954392,-0.0075300042541883334,0.07643198241045368,-0.13863661408147823,0.04842011376591364
SO,4.413496798877403e-18,0.5782439051208637,-0.3379424598407659,0.0006595399622685849,0.2399047004492828,-0.1135911097160226
SPG,1.0214807704977461e-17,0.737967920958015,0.34913598943576013,-0.17355213479052542,0.11595118196340658,-0.07761475818081973
SPGI,3.863470397947377e-18,0.7236380967362948,0.003854185039083774,0.01021297935545015,0.01871497949643799,-0.004303255485208556
SRE,-1.7711973740163482e-17,0.6636074278842587,-0.19988204031106316,0.07383642868812584,0.16148036156943193,-0.09107780259448733
STE,4.906436699240022e-18,0.5641241548555237,-0.08347962751533271,-0.037260375747535296,-0.009955241285685024,-0.021038299830799176
STLD,1.0982686423181256e-18,0.6579206353930386,0.08621776171572702,0.28614948280980546,-0.06234656217128375,-0.1304125209370263
STT,3.2952824205446953e-18,0.6910062550931139,0.26383611119392486,-0.020226088546069575,0.08434167873310713,0.08596409169537356
STX,-1.0468932471987107e-17,0.4693946520955111,0.08350678252511995,0.12951377900784122,-0.13086332611219353,0.03421612039730132
STZ,3.4032027176047697e-18,0.5009104777312459,-0.03560885374324865,-0.01637127462958247,0.024563239377471763,-0.029000290343151325
SWK,-1.134183936232085e-17,0.7363937866331218,0.11511654191877421,0.03450247362902726,-0.03430025095648134,-0.07095694376810094
SWKS,2.3801038772686784e-17,0.4718570839107403,0.06395835149904258,0.11284865256912074,-0.23839011160132523,0.0367959018168504
SYK,2.3878204535829942e-18,0.6206443948790892,-0.11218331391940298,-0.003362818906440204,0.03360484029144074,0.045660025752330094
SYY,1.5639661663448314e-17,0.610702615309262,-0.12230522129123411,-0.09301748389853931,-0.005757307947055354,-0.032982734244795
T,-1.0700532164137981e-17,0.7082532042883213,-0.15100093900339956,-0.04473609376684163,0.06272514875389312,0.20129628097072733
TAP,-1.3122100524311032e-17,0.47786658596163034,-0.13932897485399426,0.03880810269034558,0.015721102309588193,-0.023163919693763586
TDY,2.131598447066169e-17,0.6751500720829237,-0.024400957555271358,0.05656712635885539,-0.07588117847111799,-0.04338473636223894
TECH,-1.798055483714578e-18,0.5157561494611491,-0.12368009193010525,0.026971791447709326,-0.036491426121081375,0.016839086369290743
TER,-6.817723997873126e-18,0.6460710743442526,0.1297676113570965,0.11162074339516188,-0.17922546978852974,0.03360059081918387
TFC,6.590009827415351e-18,0.7082630089833761,0.35757986144195164,-0.1378172594123965,0.1294874296860224,0.0706714177274783
TFX,1.2595304905897555e-17,0.6084619226415916,-0.08551037810114966,0.02872651230276475,-0.03991241366438801,-0.049558435607663286
TGT,1.3478259365997907e-17,0.6669289671154636,0.10048498025228161,-0.32601463402642483,-0.15358895265722766,-0.1559078381037263
TJX,3.162318125991294e-17,0.6272033023520684,0.03076718460005999,-0.19553826124311613,-0.11044489378657919,-0.09888736661051352
TMO,-1.44515542180249e-17,0.6635721828016062,-0.09176809004991426,0.050905503860806875,-0.03975308269831479,0.005993701303785532
TPR,-2.425457796100825e-19,0.6431969899792662,0.08787565117669485,-0.09276475352260458,-0.1449930911372727,-0.1568882384977864
TRMB,7.541112863906091e-18,0.548214537386193,0.0716747855214794,0.09353373809372588,-0.11793041384932344,0.006882981471782835
TROW,-1.2249543733794152e-18,0.8246923527904082,0.2358335998284233,-0.06160729649070734,0.021130023510336604,0.05874274003945158
TRV,-1.0312013014979187e-17,0.7052151330327536,0.05070628637784513,-0.05867962552524711,0.08024411169682558,0.06912805661688358
TSCO,-2.098121996133778e-17,0.5219346092172503,0.022955654590275515,-0.11498766366747787,-0.1536339941482971,-0.13013457604883147
TSN,6.0508341108731e-18,0.5305819717283334,0.015457999194277755,-0.025785667584646496,0.018703297774881715,-0.018135431248673704
TT,-8.009337924019761e-18,0.7315728322725694,0.0983513460042981,0.136539174073331,-0.04815126439702256,-0.06661619323694791
TTWO,-7.099966419836817e-18,0.42990771447408777,0.05010602085085477,0.061530637894369904,-0.08947868981478618,-0.00817353264393892
TXN,1.9872187320332458e-17,0.6189634775812873,0.014678653647441045,0.09524783344267482,-0.23058863853839792,0.07943411135586265
TXT,7.858600883875147e-18,0.6664873962131735,0.17329114763498601,0.08824514989167373,-0.017393030240260864,-0.014974037338646527
TYL,1.16950811971325e-18,0.5243043315769599,-0.01781626794517569,0.04305650537731638,-0.10040141882738701,-0.0024758861774203454
UDR,1.4141086133120373e-17,0.7244180835180114,0.30360128763838456,-0.1395305667784697,0.1380858064629436,-0.06076571428002128
UHS,-3.989429731242107e-18,0.4701972657177959,-0.04845243188676249,0.030966752218365236,0.030944219250194537,-0.029028704574025063
UNH,-7.285232198506733e-18,0.5483900623466234,-0.10377737171186849,0.0011950394577016077,0.05691949807462946,0.028004157095757536
UNP,1.9009814241622026e-17,0.6964984327252477,0.08491802660471318,0.0919451582341766,-0.06794138339748608,-0.09542501424603883
UPS,-5.519392754945446e-18,0.7566043682234688,-0.042324584491155386,-0.03731547897923719,-0.013589953042834321,-0.08331074130317315
URI,-3.913408153111506e-18,0.5695979479317763,0.11652315674435032,0.07322524071982058,-0.039456604037564263,-0.08831107060285695
USB,1.2577960811235677e-18,0.6915879220346348,0.3531492802187638,-0.10847095693670677,0.16365994643571258,0.07617683074983778
VFC,1.1762772244641136e-17,0.6441140460099549,0.07040545975522897,-0.14015574320644292,-0.09886270353511205,-0.11920194078677643
VLO,9.209086598621505e-18,0.6027306594956168,0.03733278751460435,0.27057418806451394,0.04963308470698925,-0.14308532380818806
VMC,-1.804908296428642e-17,0.6493305449745583,0.17549461694596222,0.011599138146801309,-0.06304507081012067,-0.22471586033064983
VRSN,-1.2203543011862412e-17,0.5802247092964751,0.03268131651108437,0.07115394335693298,-0.12214713901639176,0.03576492991831533
VRTX,3.979234151176356e-18,0.36995789540636254,-0.061944960979814986,-0.042787206797712744,-0.01904686899161395,0.04493097829138299
VTR,5.528278097818691e-18,0.6956571454796013,0.23453993381283156,-0.11448641306825731,0.1359044636608937,-0.06618212552105968
VTRS,-1.5533611743765683e-18,0.5168468847031186,-0.057493441357370355,0.013073915012033154,0.002886493749949365,0.007248331565497063
VZ,8.909123773267883e-19,0.6787161738236455,-0.15084660170298445,-0.11758993610957574,0.03271619358464435,0.20902286637679449
WAB,2.726019091196954e-17,0.6774531636727589,0.1140438144252061,0.09080195701742907,-0.07516819443668503,-0.0782686700723704
WAT,1.2453497812240452e-18,0.5501117128338194,-0.11124456412244683,0.09680167428648302,-0.07368570983344011,-0.005938861944030649
WBA,1.6094639258642834e-17,0.5701843096344817,-0.10601769388072857,-0.08482116162467947,-0.07875092240522158,-0.10340953999945016
WDC,9.239939821960912e-18,0.5385116883537754,0.08378393252201655,0.11254809357261437,-0.13616136619798322,0.03408323090629638
WEC,3.5878521042517815e-18,0.5989499543015817,-0.2964916725830356,0.05497689224504569,0.2231424744614387,-0.17140357539288337
WELL,1.8161667356483618e-17,0.6687825471452304,0.2429287391758089,-0.1520563270792129,0.14643841944644526,-0.0837530967572193
WFC,-2.1963264708292297e-18,0.6997123236847964,0.4391028493392803,-0.12385645008733234,0.2238690015348766,0.10960904223933665
WHR,1.2623565205147957e-17,0.627493627852083,0.18594161188554925,-0.01768535452829105,0.0026395417674633243,-0.07897281240274265
WM,4.162309063803518e-18,0.6586612965461967,-0.11113261849479149,0.045933783667831546,0.033299633489022956,-0.012283269129791257
WMB,5.773515294843519e-18,0.6633401876354288,-0.010905985597839257,0.31634550962036023,0.07041682054483048,-0.11199080644585666
WMT,1.8150132499194876e-17,0.5917915237483826,-0.20714118463000017,-0.39331650132733875,-0.12121684194194807,-0.10704810388570117
WRB,-8.6194148152625895e-19,0.6331041411290497,0.032295445426858554,-0.058283929249593545,0.12774153081717726,-0.014392979907695745
WST,7.43814097939429e-18,0.5681902432750567,-0.03949798614165672,-0.005595954290594328,-0.03335774105036908,0.0037473423418069416
WTW,5.053667024407277e-18,0.5459184161713639,0.06166551215357426,-0.03600618984357153,0.1004394387063023,0.004509464180899682
WY,6.636901340882836e-18,0.7376850520043631,0.13112204412012293,0.048173543203526625,0.026091935841057977,-0.11235911263140634
WYNN,-3.802632783912237e-18,0.584089652357027,0.2109625053373789,-0.0007354135232563244,-0.08387553999827246,-0.09518603704969027
XEL,-1.0487407318526105e-17,0.64283683374604,-0.28520381220254143,0.043734089145275754,0.21996991622066536,-0.15602523145301078
XOM,-3.592790411554916e-19,0.7362740948041406,-0.19898140466575015,0.29299754960783575,0.09992568428985493,-0.07539682291165056
XRAY,4.295951081508583e-18,0.6658220842665309,-0.06830012406821083,0.02066685349062475,-0.005851228501439404,0.0203394706807023
YUM,8.60699277907795e-18,0.6534648265169949,-0.021041470926339585,-0.07819480701308168,-0.09078173064295818,-0.10574052642503254
ZBH,1.576219698706131e-17,0.5687375846756412,-0.05935559212487376,0.018729415624276886,0.027848889278465558,0.020248855095188444
ZBRA,-1.994345003012017e-18,0.5686520366944755,0.019871213319420794,0.09929509459320704,-0.09022604682111941,-0.03542387643920785
ZION,3.52909081825165e-18,0.6025078217398426,0.38333163731110936,-0.0838213810497383,0.1386778847294606,0.04658353491737149
